epoch;loss;accuracy
0;3.1706690303125202;0.5
0;3.160153301866701;0.5
0;3.1485980775271543;0.5
0;3.136024376935042;0.5
0;3.1224544319418612;0.5
0;3.1079116168749716;0.5
0;3.09242037665147;0.5
0;3.0760061530742404;0.5
0;3.03256680150346;0.5
0;2.9883925607062563;0.5
0;2.9427829740156426;0.5
0;2.897469658488306;0.5
0;2.852472703570101;0.5
0;2.8078110692706995;0.5
0;2.763502603847087;0.5
0;2.721544272316407;0.5
1;2.7118546434292337;0.5
1;2.7012712948486155;0.5
1;2.689813557695124;0.5
1;2.6775017923111175;0.5
1;2.6643573235285354;0.5
1;2.6504023742576237;0.5
1;2.635659997709818;0.5
1;2.62015400856702;0.5
1;2.583660805693318;0.5
1;2.5465244756511742;0.5
1;2.508034834393645;0.5
1;2.4697661153174986;0.5
1;2.4317369321053137;0.5
1;2.3939648993480653;0.5
1;2.356466646357257;0.5
1;2.3209633999031367;0.5
2;2.3114168802418065;0.5
2;2.301122106446655;0.5
2;2.290097460645685;0.5
2;2.27836213613072;0.5
2;2.2659360769844605;0.5
2;2.2528399167050503;0.5
2;2.2390949161132316;0.5
2;2.224722900822663;0.5
2;2.1941935154177794;0.5
2;2.16310330376166;0.5
2;2.1307493712756345;0.5
2;2.098555889841652;0.5
2;2.0665399023777633;0.5
2;2.0347175770780224;0.5
2;2.003104217727723;0.5
2;1.9731761197531787;0.5
3;1.9640400079637605;0.5
3;1.9542815688030615;0.5
3;1.9439178752052657;0.5
3;1.932966627038359;0.5
3;1.9214460962334161;0.5
3;1.9093750714482889;0.5
3;1.8967728025165596;0.5
3;1.8836589449255667;0.5
3;1.8582099359800133;0.5
3;1.8322732141311138;0.5
3;1.8051665509068908;0.5
3;1.7781727989088216;0.5
3;1.751307391466142;0.5
3;1.7245850033302004;0.5
3;1.698019557951185;0.5
3;1.6728717847267585;0.5
4;1.6643226684517936;0.5
4;1.6552588342753496;0.5
4;1.645695838315636;0.5
4;1.6356497121101916;0.5
4;1.6251369137945961;0.5
4;1.6141742792172742;0.5
4;1.6027789732049678;0.5
4;1.5909684411849656;0.5
4;1.569817988817748;0.5
4;1.548244229491677;0.5
4;1.5255955464122992;0.5
4;1.5030231623426173;0.5
4;1.4805409126882219;0.5
4;1.4581619806391541;0.5
4;1.4358989019026702;0.5
4;1.4148242258581711;0.5
5;1.406966174004782;0.5
5;1.3986843563887104;0.5
5;1.3899927257925537;0.5
5;1.3809055887295265;0.5
5;1.371437562756779;0.5
5;1.3616035340067565;0.5
5;1.351418615115819;0.5
5;1.3408981037203698;0.5
5;1.3233637529954625;0.5
5;1.3054624190046933;0.5
5;1.2865799821050898;0.5
5;1.267746237634964;0.5
5;1.2489734762561795;0.5
5;1.2302734321221547;0.5
5;1.2116572855572554;0.5
5;1.194034478895034;0.5
6;1.186915857516816;0.5
6;1.1794496392363016;0.5
6;1.171648177082422;0.5
6;1.1635240821274249;0.5
6;1.1550901866943117;0.5
6;1.1463595079651623;0.5
6;1.1373452121371093;0.5
6;1.1280605792638652;0.5
6;1.1135534926369552;0.5
6;1.0987283770209608;0.5
6;1.0830128900337885;0.5
6;1.067325743898789;0.5
6;1.051677768961852;0.5
6;1.0360793238567239;0.5
6;1.0205402965881691;0.5
6;1.0058296230143653;0.5
7;0.9994577754241529;0.5
7;0.9928016352263794;0.5
7;0.9858720217846899;0.5
7;0.9786799386986044;0.5
7;0.9712365424592478;0.5
7;0.9635531116112444;0.5
7;0.9556410165391181;0.5
7;0.9475116899880381;0.5
7;0.9355287367333103;0.5
7;0.9232700908435564;0.5
7;0.9102073396203354;0.5
7;0.897158301010048;0.5
7;0.8841324506402721;0.5
7;0.871138866551041;0.5
7;0.8581862290870124;0.5
7;0.8459230742698521;0.5
8;0.8402765583721726;0.5
8;0.8343980362413403;0.5
8;0.828296899361292;0.5
8;0.8219826675335599;0.5
8;0.8154649624258652;0.5
8;0.808753481674717;0.5
8;0.801857973636091;0.5
8;0.7947882128704147;0.5
8;0.7849029709481754;0.5
8;0.7747785060700452;0.5
8;0.7639308182182876;0.5
8;0.753086640969011;0.5
8;0.7422542130448136;0.5
8;0.7314414396315251;0.5
8;0.7206558914235625;0.5
8;0.7104433967433194;0.5
9;0.705481789464869;0.5
9;0.7003311469713533;0.5
9;0.6949995606089724;0.5
9;0.6894952084022392;0.5
9;0.6838263329009154;0.5
9;0.6780012195882171;0.5
9;0.6720281759243036;0.5
9;0.6659155110919116;0.5
9;0.6577689850990904;0.5
9;0.6494145615584129;0.5
9;0.6404118796721379;0.5
9;0.6314058636363833;0.5
9;0.6224036379324183;0.5
9;0.613412048309774;0.5
9;0.604437660266268;0.5
9;0.5959390193179102;0.5
10;0.5916104928314001;0.5
10;0.5871281078830076;0.5
10;0.5824987923230034;0.5
10;0.5777295302065236;0.5
10;0.5728273433525887;0.5
10;0.56779927344478;0.5
10;0.5626523647312355;0.5
10;0.5573936473753615;0.5
10;0.5506852568084512;0.5
10;0.5437958241808061;0.5
10;0.5363269528486478;0.5
10;0.5288503992664609;0.5
10;0.5213722955303458;0.5
10;0.5138985415134235;0.5
10;0.5064348030029154;0.5
10;0.4993656880391379;0.5
11;0.49561266140532123;0.5
11;0.49173448578841805;0.5
11;0.48773706200077355;0.5
11;0.48362632516169823;0.5
11;0.4794082294198226;0.5
11;0.4750887331810638;0.5
11;0.4706737848866681;0.5
11;0.46616930938057466;0.5
11;0.46064849465052976;0.5
11;0.45496963839343313;0.5
11;0.4487740247078479;0.5
11;0.4425681986075688;0.5
11;0.4363574167982858;0.5
11;0.4301467429621095;0.5
11;0.42394104572139957;0.5
11;0.41806246833684896;0.5
12;0.4148256696756133;0.5
12;0.41148710083933043;0.5
12;0.40805176595701753;0.5
12;0.4045246880464677;0.5
12;0.40091089640442995;0.5
12;0.3972154144573833;0.5
12;0.393443248107052;0.5
12;0.38959937460031824;0.5
12;0.3850580095484088;0.5
12;0.38037829898077696;0.5
12;0.37523855021451463;0.5
12;0.3700873514855623;0.5
12;0.3649291935701988;0.5
12;0.35976840707569924;0.5
12;0.35460916035573137;0.5
12;0.3497209427489708;0.5
13;0.34694220603383946;0.5
13;0.344080706989256;0.5
13;0.3411406737867778;0.5
13;0.3381263428904066;0.5
13;0.33504194867843623;0.5
13;0.331891713477286;0.5
13;0.32867983803341083;0.5
13;0.3254104924455253;0.5
13;0.3216761782968208;0.5
13;0.3178203953973821;0.5
13;0.31355562385297553;0.5
13;0.3092790579462716;0.5
13;0.30499452289360895;0.5
13;0.30070571115549954;0.5
13;0.29641618039164497;0.5
13;0.2923511192533096;0.5
14;0.2899752055103705;0.5
14;0.2875319676449091;0.5
14;0.28502496717351034;0.5
14;0.28245776684364093;0.5
14;0.2798339221105703;0.5
14;0.2771569729775948;0.5
14;0.2744304362194402;0.5
14;0.2716577980054237;0.5
14;0.26858803743844867;0.5
14;0.26541128824661075;0.5
14;0.2618712957183034;0.5
14;0.25831975903397375;0.5
14;0.2547599284207871;0.5
14;0.2511949441421781;0.5
14;0.24762783455139284;0.5
14;0.24424657431822425;0.5
15;0.242222262773672;0.5
15;0.2401431589184899;0.5
15;0.23801225489364483;0.5
15;0.23583253956100234;0.5
15;0.23360699151472747;0.5
15;0.23133857240954891;0.5
15;0.22903022062088277;0.5
15;0.2266848452492023;0.5
15;0.22416204811844279;0.5
15;0.22154471021949984;0.5
15;0.21860497535264237;0.5
15;0.21565432197414391;0.5
15;0.21269550600227352;0.5
15;0.2097311922902045;0.5
15;0.20676395281452065;0.5
15;0.20395054280623345;0.5
16;0.20223119183152202;0.5
16;0.20046721918896335;0.5
16;0.19866113308406624;0.5
16;0.19681543574437252;0.5
16;0.19493261769548625;0.5
16;0.19301515231094615;0.5
16;0.19106549064731287;0.5
16;0.18908605657357333;0.5
16;0.18701330290893284;0.5
16;0.18485673568646652;0.5
16;0.18241413939395704;0.5
16;0.17996146786211087;0.5
16;0.17750105381839978;0.5
16;0.17503515456415555;0.5
16;0.1725659503177383;0.5
16;0.17022403536989877;0.5
17;0.1687677707086108;0.5
17;0.1672751397108915;0.5
17;0.16574824091216578;0.5
17;0.16418916543189702;0.5
17;0.16259999228890376;0.5
17;0.16098278395166016;0.5
17;0.15933958213211724;0.5
17;0.1576724038297451;0.5
17;0.15596987846012375;0.5
17;0.15419281088028813;0.5
17;0.15216202158582937;0.5
17;0.15012210682612137;0.5
17;0.14807503828835825;0.5
17;0.14602272515719372;0.5
17;0.14396701262010603;0.5
17;0.1420165942501728;0.5
18;0.1407862452475659;0.5
18;0.13952623307576228;0.5
18;0.13823831062048533;0.5
18;0.1369242227705972;0.5
18;0.13558570258580002;0.5
18;0.13422446766474525;0.5
18;0.1328422167199852;0.5
18;0.13144062636463588;0.9375
18;0.1300426377533049;0.5
18;0.12857814624821748;0.5
18;0.12688858310811338;0.5
18;0.12519087463682144;0.5
18;0.12348668540933973;0.5
18;0.12177762816862414;0.5
18;0.12006526249227262;0.5
18;0.11843996339154875;0.5
19;0.117402837471838;0.5
19;0.11634149429255307;0.5
19;0.11525739591304274;0.5
19;0.11415199637955205;0.5
19;0.11302673859099283;0.5
19;0.11188305133479796;0.5
19;0.11072234649765686;0.5
19;0.10954601645469154;0.9375
19;0.10839851633861551;0.5
19;0.10719150908154042;0.5
19;0.10578480379483463;0.5
19;0.10437091334960791;0.5
19;0.1029512417264225;0.5
19;0.10152714988035273;0.5
19;0.10009995456247045;0.5
19;0.09874472027301666;0.5
20;0.0978722814976389;0.5
20;0.09698005309868747;0.5
20;0.0960692530049817;0.5
20;0.09514109147175162;0.5
20;0.09419676851756546;0.5
20;0.09323747150496035;0.5
20;0.09226437286840601;0.9375
20;0.09127862799214628;0.9375
20;0.09033715556397136;0.9375
20;0.0893422864146608;0.5
20;0.0881701701440537;0.5
20;0.08699177735809178;0.5
20;0.08580829137174471;0.5
20;0.0846208597424551;0.5
20;0.08343059323640548;0.5
20;0.08229976907021248;0.5
21;0.08156726758509253;0.5
21;0.08081857922991306;0.5
21;0.08005471740247326;0.5
21;0.07927668837538975;0.5
21;0.0784854892000254;0.5
21;0.07768210573142617;0.5
21;0.07686751077695869;0.9375
21;0.0760426623704936;0.9375
21;0.0752706452830346;0.9375
21;0.07445058914585308;0.5
21;0.0734731386617559;0.5
21;0.07249025058681405;0.5
21;0.07150292170327155;0.5
21;0.07051211903573346;0.5
21;0.06951877895026377;0.5
21;0.06857450603302448;0.5
22;0.06796059072666824;0.5
22;0.06733342278423916;0.5
22;0.06669384453391691;0.5
22;0.06604269183462846;0.5
22;0.06538079236171088;0.5
22;0.06470896399414927;0.5
22;0.06402801330539622;0.9375
22;0.06333873415907297;0.875
22;0.06270608746176286;0.9375
22;0.062030117608861575;0.5
22;0.061214302887124;0.5
22;0.06039381093696598;0.5
22;0.05956948108623713;0.5
22;0.05874212786095949;0.5
22;0.05791254020448295;0.5
22;0.05712342098315027;0.5
23;0.05660975687582558;0.5
23;0.05608523222204929;0.5
23;0.05555054647172945;0.5
23;0.05500639330066693;0.5
23;0.05445345920823579;0.5
23;0.053892422200077325;0.9375
23;0.05332395055731658;0.9375
23;0.05274870169321338;0.875
23;0.05223067427245684;0.9375
23;0.05167349066306502;0.9375
23;0.0509919741127455;0.5
23;0.05030645964902763;0.5
23;0.049617653846687634;0.5
23;0.048926242575298276;0.5
23;0.04823289032560742;0.5
23;0.047572880342721176;0.5
24;0.04714378433292275;0.5
24;0.046705779859004266;0.5
24;0.046259447185882645;0.5
24;0.045805361494181025;0.5
24;0.04534409173294127;0.5
24;0.04487619954333262;0.9375
24;0.0444022382544571;0.9375
24;0.04392275195191409;0.875
24;0.043498977791087405;0.9375
24;0.04303974319963764;0.9375
24;0.04246988807712396;0.5
24;0.04189663499818658;0.5
24;0.04132057871737813;0.5
24;0.04074229667373051;0.5
24;0.04016234841197144;0.5
24;0.0396098372542626;0.5
25;0.039251940197250035;0.5
25;0.038886729322740725;0.5
25;0.03851468558304616;0.5
25;0.03813628550291995;0.5
25;0.03775200024078084;0.5
25;0.037362294709077884;0.9375
25;0.03696762675462694;0.9375
25;0.036568446399368994;0.875
25;0.036222164844930134;0.9375
25;0.03584371253034259;0.9375
25;0.03536676471966251;0.5
25;0.03488694384297915;0.5
25;0.034404750538356815;0.5
25;0.03392067093623968;0.5
25;0.03343517616389581;0.5
25;0.03297222604611;0.5
26;0.032674165184509614;0.5
26;0.03237009450587695;0.5
26;0.03206041228913845;0.5
26;0.031745512993338755;0.5
26;0.03142578648937745;0.5
26;0.0311016173409133;0.9375
26;0.030773384135057896;0.875
26;0.030441458863160378;0.875
26;0.030158874048461987;0.875
26;0.029847056715057222;0.9375
26;0.029447469858959806;0.5
26;0.029045465540642492;0.5
26;0.028641465229370316;0.5
26;0.028235878215697677;0.5
26;0.02782910118845477;0.5
26;0.027440816556980864;0.5
27;0.027192959630166845;0.5
27;0.02694016030360064;0.5
27;0.02668274809481891;0.5
27;0.02642104925216036;0.5
27;0.02615538612598553;0.9375
27;0.025886076580695184;0.9375
27;0.025613433448012996;0.875
27;0.025337764021724725;0.875
27;0.02510751869785674;0.875
27;0.02485067364871076;0.9375
27;0.024515552615658215;0.9375
27;0.02417840693290199;0.5
27;0.02383959150403871;0.5
27;0.0234994509882284;0.5
27;0.023158319440063916;0.5
27;0.02283232526623317;0.5
28;0.022626525854519606;0.5
28;0.022416658676612855;0.5
28;0.02220299610614638;0.5
28;0.021985807738692194;0.5
28;0.02176535987712762;0.9375
28;0.02154191505078967;0.9375
28;0.021315731568760283;0.875
28;0.021087063107421627;0.8125
28;0.02089980643605083;0.875
28;0.020688316174927487;0.9375
28;0.020406958100435284;0.9375
28;0.020123912085558616;0.5
28;0.01983947708230385;0.5
28;0.0195539434071019;0.5
28;0.0192675924349301;0.5
28;0.0189936025468543;0.5
29;0.01882298509936275;0.5
29;0.01864901725471526;0.5
29;0.01847192393378278;0.5
29;0.018291927711908375;0.5
29;0.018109248397713967;0.9375
29;0.01792410263983396;0.9375
29;0.01773670356184271;0.875
29;0.01754726042544836;0.8125
29;0.017395292893364753;0.875
29;0.017221224081204585;0.9375
29;0.01698473980540604;0.9375
29;0.016746854734842588;0.5
29;0.016507820800425097;0.5
29;0.016267882637742655;0.5
29;0.016027277327805026;0.5
29;0.015796737255842914;0.5
30;0.015655509612372383;0.5
30;0.015511520511101972;0.5
30;0.01536495549689752;0.5
30;0.015215998146108503;0.5
30;0.015064829721888271;0.9375
30;0.014911628852561904;0.9375
30;0.014756571233229421;0.875
30;0.01459982935066527;0.8125
30;0.014476810963573188;0.875
30;0.014333617673529885;0.9375
30;0.014134619394116367;0.9375
30;0.013934464081394132;0.5
30;0.013733364153370927;0.5
30;0.013531525851021499;0.5
30;0.013329149018946874;0.5
30;0.013134940465653274;0.5
31;0.013018231368410524;0.5
31;0.012899244757527859;0.5
31;0.012778133527675452;0.5
31;0.012655048930792057;0.5
31;0.012530140294082216;0.9375
31;0.012403554756992069;0.9375
31;0.012275437027310366;0.875
31;0.012145929156421799;0.8125
31;0.012046639550186816;0.875
31;0.011928919280814892;0.9375
31;0.011761262733904201;0.9375
31;0.01159265523061847;0.5
31;0.011423275984614366;0.5
31;0.011253298967150376;0.5
31;0.011082892721825346;0.5
31;0.010919088976248837;0.5
32;0.010822807971175722;0.5
32;0.010724647468789272;0.5
32;0.010624733310276838;0.5
32;0.010523189973532559;0.9375
32;0.010420140342506469;0.9375
32;0.010315705492153833;0.875
32;0.010210004489093778;0.875
32;0.010103154207991764;0.5
32;0.010023295360526374;0.875
32;0.00992658834177754;0.875
32;0.00978515988893034;0.9375
32;0.009642954035083825;0.9375
32;0.009500122087608797;0.5
32;0.009356810893961039;0.5
32;0.009213162685437695;0.5
32;0.00907482614454977;0.5
33;0.008995543317887218;0.5
33;0.008914708614467349;0.5
33;0.008832425476030824;0.5
33;0.008748796219148716;0.9375
33;0.008663921846656483;0.9375
33;0.008577901871881857;0.875
33;0.008490834155753196;0.875
33;0.008402814756792358;0.5
33;0.008338848664915062;0.875
33;0.00825947269830992;0.875
33;0.008140013404003122;0.9375
33;0.008019922354513199;0.9375
33;0.007899327398786042;0.5
33;0.007778352582105973;0.5
33;0.007657118014503883;0.5
33;0.00754013250666451;0.5
34;0.007474975636064098;0.5
34;0.007408536780404491;0.5
34;0.007340900849685785;0.5
34;0.007272151830470168;0.9375
34;0.007202372631808009;0.9375
34;0.0071316449416367255;0.875
34;0.007060049093714416;0.875
34;0.006987663945094107;0.5
34;0.0069366790100035955;0.875
34;0.006871593485193892;0.875
34;0.006770553674988952;0.9375
34;0.006669003920204766;0.9375
34;0.006567052344538648;0.5
34;0.006464803819401746;0.5
34;0.006362359853232826;0.5
34;0.006263291729046354;0.5
35;0.006209858612039623;0.5
35;0.006155366014939338;0.5
35;0.006099883528312737;0.5
35;0.006043479989270152;0.9375
35;0.005986223355665126;0.9375
35;0.005928180588843502;0.875
35;0.005869417544993081;0.875
35;0.005809998875094913;0.5
35;0.005769599870209759;0.875
35;0.005716293748270918;0.875
35;0.005630712694676363;0.9375
35;0.005544723238899349;0.9375
35;0.0054584169122503245;0.5
35;0.005371882457866095;0.5
35;0.005285205737719767;0.5
35;0.005201188745017176;0.5
36;0.005157472674966825;0.5
36;0.005112880696551002;0.5
36;0.0050674697473196825;0.5
36;0.005021296153868036;0.9375
36;0.004974415529212166;0.9375
36;0.004926882677125418;0.875
36;0.004878751503477918;0.875
36;0.004830074934580473;0.5
36;0.004798292354625095;0.875
36;0.004754691848536083;0.875
36;0.0046820981822966274;0.9375
36;0.0046091804875860376;0.9375
36;0.004536016332260633;0.5
36;0.0044626808873938955;0.5
36;0.004389246849248385;0.5
36;0.0043178866778259516;0.5
37;0.004282213251229433;0.5
37;0.004245815472068883;0.5
37;0.004208739836886596;0.5
37;0.004171032350154771;0.9375
37;0.004132738440642633;0.9375
37;0.004093902883439559;0.875
37;0.004054569727663887;0.875
37;0.004014782229857799;0.5
37;0.003989997577043008;0.875
37;0.003954390029175562;0.875
37;0.0038927192546171835;0.9375
37;0.0038307943329592012;0.9375
37;0.0037686810747215235;0.5
37;0.003706443224338383;0.5
37;0.003644142394759708;0.5
37;0.003583437493896533;0.5
38;0.0035544111419086736;0.5
38;0.0035247856434960064;0.5
38;0.0034945988881655253;0.5
38;0.00346388837205549;0.9375
38;0.0034326911298679435;0.9375
38;0.003401043671379075;0.875
38;0.0033689819225509376;0.8125
38;0.0033365411712497554;0.5
38;0.00331742535367226;0.875
38;0.003288396439609452;0.875
38;0.0032359225738772825;0.9375
38;0.0031832522485655958;0.9375
38;0.003130441368358678;0.5
38;0.00307754405181245;0.5
38;0.00302461257660864;0.5
38;0.0029728884402913185;0.5
39;0.002949347274725311;0.5
39;0.002925310465407857;0.5
39;0.0029008088144377364;0.5
39;0.002875872812093642;0.9375
39;0.002850532581517659;0.9375
39;0.0028248178270899754;0.875
39;0.002798757786516827;0.8125
39;0.002772381186636473;0.5
39;0.0027578437106913875;0.8125
39;0.002734225613761446;0.875
39;0.0026895044962620303;0.9375
39;0.0026446343776039007;0.9375
39;0.002599662810800854;0.5
39;0.0025546358002106816;0.5
39;0.002509597755766431;0.5
39;0.002465452358786322;0.5
40;0.002446430104826156;0.5
40;0.0024269978197926233;0.5
40;0.0024071804767490435;0.5
40;0.002387002803978663;0.9375
40;0.0023664892401071436;0.9375
40;0.002345663892192913;0.875
40;0.0023245504968015113;0.8125
40;0.00230317238406841;0.5
40;0.0022923194373354293;0.8125
40;0.0022731480597843437;0.875
40;0.002234970310487435;0.9375
40;0.002196682461935741;0.9375
40;0.002158325020381108;0.5
40;0.002119937145259995;0.5
40;0.0020815566109827245;0.5
40;0.0020438150817141667;0.5
41;0.0020285090343687543;0.5
41;0.0020128638115273433;0.5
41;0.0019968995985623606;0.9375
41;0.001980636390885861;0.9375
41;0.0019640939576170986;0.9375
41;0.001947291807622114;0.875
41;0.0019302491579441439;0.8125
41;0.0019129849046264562;0.5
41;0.0019050847651904382;0.8125
41;0.0018895643870418064;0.875
41;0.0018569163474569657;0.9375
41;0.0018241899726723488;0.9375
41;0.001791419818159641;0.5
41;0.001758639264480965;0.5
41;0.0017258804854381892;0.5
41;0.0016935574331896522;0.5
42;0.001681301521744754;0.5
42;0.0016687651093252082;0.5
42;0.001655964454751477;0.9375
42;0.0016429156714545068;0.9375
42;0.0016296346981311;0.9375
42;0.001616137271287891;0.875
42;0.001602438899689686;0.8125
42;0.0015885548407122713;0.5
42;0.0015830093270089724;0.8125
42;0.0015704834063628346;0.875
42;0.001542514688886774;0.9375
42;0.0015144934617728986;0.9375
42;0.001486449250579849;0.9375
42;0.0014584105526710953;0.5
42;0.0014304048107144874;0.5
42;0.0014026729994714143;0.5
43;0.0013929151743242248;0.5
43;0.0013829254616074878;0.5
43;0.0013727169051658843;0.9375
43;0.0013623024394641802;0.9375
43;0.0013516948659530528;0.9375
43;0.001340906830930004;0.875
43;0.0013299508049076309;0.8125
43;0.0013188390634920842;0.5
43;0.0013151599667460176;0.8125
43;0.0013050870069820785;0.875
43;0.001281083518323307;0.9375
43;0.0012570484180181632;0.9375
43;0.001233006975800994;0.9375
43;0.0012089835586903902;0.5
43;0.0011850016089856828;0.5
43;0.0011611658953918638;0.5
44;0.0011534491657002545;0.5
44;0.0011455408466929627;0.5
44;0.0011374513547451643;0.9375
44;0.0011291910257372783;0.9375
44;0.00112077009608336;0.9375
44;0.0011121986849345357;0.875
44;0.0011034867775673465;0.8125
44;0.0010946442099635646;0.5
44;0.0010924338382951493;0.8125
44;0.0010843674376829141;0.875
44;0.0010637289395447063;0.9375
44;0.001043075649934695;0.9375
44;0.001022429233813966;0.9375
44;0.0010018105609744163;0.5
44;0.0009812396878148871;0.5
44;0.0009607153277964638;0.5
45;0.000954661877622145;0.5
45;0.0009484502602678603;0.5
45;0.0009420887492720195;0.9375
45;0.0009355855606581166;0.9375
45;0.0009289488377662434;0.9375
45;0.0009221866369986293;0.875
45;0.0009153069144919353;0.8125
45;0.0009083175137197345;0.5
45;0.0009072526305027829;0.8125
45;0.0009008249856905965;0.875
45;0.000883046418479589;0.9375
45;0.0008652665146025647;0.9375
45;0.0008475038821461984;0.9375
45;0.000829776426402521;0.5
45;0.0008121013348221098;0.5
45;0.000794395917308197;0.5
46;0.0007896938138185443;0.5
46;0.0007848612760551221;0.5
46;0.0007799048340972883;0.9375
46;0.0007748309786154802;0.9375
46;0.0007696461487982694;0.9375
46;0.000764356720985858;0.875
46;0.0007589689980200405;0.8125
46;0.0007534891993153741;0.5
46;0.0007533077644649297;0.8125
46;0.0007482160274186485;0.875
46;0.0007328719566948331;0.9375
46;0.0007175372346255936;0.9375
46;0.0007022278738205863;0.9375
46;0.0006869592636119696;0.5
46;0.0006717461576761758;0.5
46;0.00065644455113675;0.5
47;0.0006528366323804044;0.5
47;0.0006491213025961293;0.5
47;0.0006453036771680008;0.9375
47;0.0006413888461692877;0.9375
47;0.0006373818648065953;0.9375
47;0.0006332877444031825;0.875
47;0.0006291114439311161;0.8125
47;0.0006248578620957075;0.5
47;0.0006253480886284087;0.8125
47;0.0006213430818739414;0.875
47;0.0006080747376971474;0.9375
47;0.0005948241552431962;0.9375
47;0.0005816051404861083;0.9375
47;0.0005684309447216357;0.5
47;0.0005553142544316019;0.5
47;0.0005420660571315043;0.5
48;0.0005393406503297582;0.5
48;0.0005365269550503289;0.5
48;0.00053362894229115;0.9375
48;0.0005306505685568368;0.9375
48;0.0005275957683458829;0.875
48;0.0005244684470430866;0.875
48;0.0005212724742271759;0.8125
48;0.0005180116773958707;0.5
48;0.0005190030008811159;0.8125
48;0.0005158798824978703;0.875
48;0.0005043843529382016;0.9375
48;0.0004929131398964219;0.9375
48;0.00048147817067215867;0.9375
48;0.0004700908771978951;0.5
48;0.0004587621877881986;0.5
48;0.0004472712596354421;0.5
49;0.00044525443513450657;0.5
49;0.0004431652124737066;0.5
49;0.0004410066402147749;0.9375
49;0.0004387817605721141;0.9375
49;0.0004364936035534056;0.875
49;0.0004341451814008735;0.875
49;0.0004317394833405131;0.8125
49;0.00042927947064252384;0.5
49;0.00043063509936979485;0.8125
49;0.0004282256404563252;0.875
49;0.0004182468557606571;0.9375
49;0.00040829742800450023;0.9375
49;0.00039838768267045065;0.9375
49;0.00038852750126909194;0.5
49;0.00037872631467162146;0.5
49;0.00036874204049236334;0.5
50;0.000367291152708409;0.5
50;0.0003657810775168021;0.5
50;0.0003642141230142639;0.9375
50;0.00036259259693063997;0.9375
50;0.0003609188021051647;0.875
50;0.0003591950321811397;0.875
50;0.00035742356752419685;0.8125
50;0.0003556066713670408;0.5
50;0.0003572174428870192;0.8125
50;0.00035538363892142545;0.875
50;0.0003467048449793821;0.9375
50;0.0003380592190729992;0.9375
50;0.0003294557188095368;0.9375
50;0.00032090290245839363;0.5
50;0.00031240892361496654;0.5
50;0.0003037189172477774;0.5
51;0.00030271722318853583;0.5
51;0.0003016673300749519;0.5
51;0.00030057095448230103;0.9375
51;0.0002994298168551605;0.9375
51;0.00029824563805975075;0.875
51;0.00029702013609010766;0.875
51;0.0002957550229316129;0.8125
51;0.0002944520015857106;0.5
51;0.00029623131896205603;0.8125
51;0.00029486010486004;0.875
51;0.00028729757599061425;0.9375
51;0.0002797710326635357;0.9375
51;0.0002722882624927304;0.9375
51;0.0002648566926035415;0.5
51;0.0002574833854156688;0.5
51;0.00024990739334075445;0.5
52;0.00024925957256938545;0.5
52;0.00024857269705194467;0.5
52;0.0002478480135234281;0.9375
52;0.0002470867754287097;0.9375
52;0.0002462902403393524;0.875
52;0.0002454596674729303;0.875
52;0.00024459631531976084;0.8125
52;0.00024370143937968425;0.5
52;0.0002455810998102312;0.8125
52;0.0002445799783832649;0.875
52;0.00023797776197263609;0.9375
52;0.00023141354952314872;0.9375
52;0.0002248941262220909;0.9375
52;0.00021842595065692613;0.5
52;0.0002120151515401342;0.5
52;0.00020539995562446039;0.5
53;0.00020502838369806605;0.5
53;0.00020462537056202684;0.5
53;0.0002041917923082578;0.9375
53;0.0002037285334722972;0.9375
53;0.00020323648514018717;0.875
53;0.00020271654312062213;0.875
53;0.00020216960618528698;0.8125
53;0.00020159657438050774;0.5
53;0.00020352333530704802;0.8125
53;0.0002028167617461632;0.875
53;0.0001970422824511973;0.875
53;0.0001913071865394219;0.9375
53;0.00018561739883489502;0.9375
53;0.0001799785471892573;0.5
53;0.0001743959599986341;0.5
53;0.0001686111128102191;0.5
54;0.00016845276401762852;0.5
54;0.00016826931628168002;0.5
54;0.00016806135572414407;0.9375
54;0.00016782947777339657;0.9375
54;0.00016757428582086156;0.875
54;0.00016729638991388443;0.875
54;0.00016699640548832376;0.8125
54;0.00016667495214287006;0.5
54;0.00016860770676633657;0.8125
54;0.00016813409896022536;0.875
54;0.00016307447933802034;0.875
54;0.00015805511495442515;0.9375
54;0.00015308119086399126;0.9375
54;0.00014815762110734302;0.5
54;0.00014328904689457365;0.5
54;0.00013822330113128149;0.5
55;0.0001382271764240188;0.5
55;0.00013821123881980235;0.5
55;0.0001381758498973971;0.9375
55;0.00013812138072872603;0.9375
55;0.0001380482109699216;0.875
55;0.00013795672796834633;0.875
55;0.00013784732588785216;0.8125
55;0.00013772040485427462;0.5
55;0.0001396278611185288;0.8125
55;0.00013933712807021173;0.875
55;0.00013489610664828636;0.875
55;0.0001304958123567959;0.9375
55;0.00012614079298614984;0.9375
55;0.00012183534810581581;0.5
55;0.0001175835278095095;0.5
55;0.00011314184469323412;0.5
56;0.00011326683760460333;0.5
56;0.00011337642573142649;0.5
56;0.00011347079900411504;0.9375
56;0.00011355015651490856;0.9375
56;0.00011361470595027227;0.875
56;0.00011366466302497858;0.875
56;0.00011370025091956246;0.8125
56;0.0001137216997222306;0.8125
56;0.00011558047512802782;0.8125
56;0.00011543197429253458;0.875
56;0.00011152732212382718;0.875
56;0.00010766355684559098;0.9375
56;0.00010384467623697514;0.9375
56;0.00010007444991255441;0.5
56;9.635641854093898e-05;0.5
56;9.245745937086504e-05;0.5
57;9.267058693909897e-05;0.5
57;9.287198776541666e-05;0.5
57;9.306172273887837e-05;0.9375
57;9.323986118942945e-05;0.9375
57;9.340648058674056e-05;0.875
57;9.356166623061575e-05;0.875
57;9.370551093494925e-05;0.8125
57;9.383811470576353e-05;0.8125
57;9.563117445284009e-05;0.8125
57;9.559202416315439e-05;0.875
57;9.215337752931458e-05;0.875
57;8.875553687108502e-05;0.9375
57;8.540202433611118e-05;0.9375
57;8.209615159316603e-05;0.5
57;7.88410194498897e-05;0.5
57;7.541504057187483e-05;0.5
58;7.568997822914951e-05;0.5
58;7.59562597983714e-05;0.5
58;7.621385130118212e-05;0.9375
58;7.646272619410186e-05;0.9375
58;7.670286527254013e-05;0.875
58;7.693425656100667e-05;0.875
58;7.715689519002026e-05;0.8125
58;7.737078326103531e-05;0.8125
58;7.908616173141169e-05;0.8125
58;7.912984757295296e-05;0.875
58;7.609688829406569e-05;0.875
58;7.310447132199896e-05;0.9375
58;7.015570667717942e-05;0.9375
58;6.725350952875525e-05;0.5
58;6.44006001490103e-05;0.5
58;6.13876849400497e-05;0.5
59;6.17035543596097e-05;0.5
59;6.201333278096944e-05;0.9375
59;6.231691863180806e-05;0.9375
59;6.261421656708975e-05;0.9375
59;6.290513752949924e-05;0.875
59;6.31895987929234e-05;0.875
59;6.346752398989151e-05;0.8125
59;6.373884312311869e-05;0.8125
59;6.536859907752541e-05;0.875
59;6.547382357484705e-05;0.875
59;6.279474984129373e-05;0.875
59;6.0155818745834655e-05;0.9375
59;5.755978248853018e-05;0.9375
59;5.500921225503297e-05;0.5
59;5.2506498455451924e-05;0.5
59;4.985507100980348e-05;0.5
60;5.019543831338437e-05;0.5
60;5.053185869029645e-05;0.9375
60;5.0864184611795265e-05;0.9375
60;5.119227343419901e-05;0.9375
60;5.1515987576210666e-05;0.875
60;5.183519467900708e-05;0.875
60;5.214976774939647e-05;0.8125
60;5.245958528549543e-05;0.8125
60;5.3998949716065455e-05;0.875
60;5.414868338897563e-05;0.875
60;5.177892355072556e-05;0.875
60;4.944880824295555e-05;0.9375
60;4.716077836469567e-05;0.9375
60;4.4917106076400285e-05;0.9375
60;4.271989527913449e-05;0.5
60;4.0385469700369026e-05;0.5
61;4.073751847542512e-05;0.5
61;4.1087413602146396e-05;0.9375
61;4.143497863967521e-05;0.9375
61;4.178004060825368e-05;0.9375
61;4.2122430252098625e-05;0.875
61;4.2461982286567494e-05;0.875
61;4.279853562888058e-05;0.875
61;4.3131933612167106e-05;0.8125
61;4.457861629097994e-05;0.875
61;4.475931533598715e-05;0.875
61;4.266044499903839e-05;0.875
61;4.060065265557877e-05;0.9375
61;3.8582107821489954e-05;0.9375
61;3.660682218613576e-05;0.9375
61;3.467665029486573e-05;0.5
61;3.2620777163098926e-05;0.5
62;3.2974626640567696e-05;0.5
62;3.3327823306723755e-05;0.9375
62;3.3680175118714244e-05;0.9375
62;3.403149203068883e-05;0.9375
62;3.438158631735782e-05;0.875
62;3.473027288451466e-05;0.875
62;3.507736956509872e-05;0.875
62;3.542269740073184e-05;0.8125
62;3.677632403818373e-05;0.875
62;3.697728585310299e-05;0.875
62;3.5116115214009523e-05;0.875
62;3.329341142328324e-05;0.9375
62;3.151110692829399e-05;0.9375
62;2.977098606810571e-05;0.9375
62;2.8074685928075352e-05;0.5
62;2.6264063888682106e-05;0.5
63;2.6612207567609726e-05;0.5
63;2.696095533574504e-05;0.9375
63;2.7310109830984837e-05;0.9375
63;2.7659474216174254e-05;0.9375
63;2.8008852543950977e-05;0.875
63;2.835805011169222e-05;0.875
63;2.8706873805274288e-05;0.875
63;2.9055132431094318e-05;0.8125
63;3.031678922334444e-05;0.875
63;3.052962193173294e-05;0.875
63;2.8877425757197653e-05;0.875
63;2.726305944115086e-05;0.9375
63;2.568824791456684e-05;0.9375
63;2.4154576671167405e-05;0.9375
63;2.2663492767710503e-05;0.5
63;2.10692184950046e-05;0.5
64;2.140606262829493e-05;0.5
64;2.1744564150194727e-05;0.9375
64;2.208452821540407e-05;0.9375
64;2.2425759048568303e-05;0.9375
64;2.276806033480057e-05;0.875
64;2.3111235604332098e-05;0.875
64;2.3455088610012944e-05;0.875
64;2.3799423696165477e-05;0.8125
64;2.4971290068988593e-05;0.875
64;2.5189476292857065e-05;0.875
64;2.372134350974365e-05;0.875
64;2.229039239148344e-05;0.9375
64;2.0898165851118794e-05;0.9375
64;1.954607511511624e-05;0.9375
64;1.8235400847146678e-05;0.5
64;1.6832335054366e-05;0.5
65;1.7153819858359892e-05;0.5
65;1.7477845304614675e-05;0.9375
65;1.7804224930965e-05;0.9375
65;1.8132769925707917e-05;0.9375
65;1.846328953184688e-05;0.875
65;1.879559144992651e-05;0.875
65;1.912948223800463e-05;0.875
65;1.9464767706923588e-05;0.8125
65;2.0549821399375013e-05;0.875
65;2.076835991966283e-05;0.875
65;1.9462643575978555e-05;0.875
65;1.819346079150031e-05;0.9375
65;1.6962194504427326e-05;0.9375
65;1.5770102906374346e-05;0.9375
65;1.4618320671186144e-05;0.5
65;1.338455151750916e-05;0.5
66;1.368784084741345e-05;0.5
66;1.3994411954394595e-05;0.9375
66;1.430409104673381e-05;0.9375
66;1.4616700612833259e-05;0.9375
66;1.4932059829914994e-05;0.875
66;1.5249984976242032e-05;0.875
66;1.557028984481029e-05;0.875
66;1.5892786156582175e-05;0.8125
66;1.689456755030803e-05;0.875
66;1.7109679304737097e-05;0.875
66;1.594753082400529e-05;0.875
66;1.4821276465368654e-05;0.9375
66;1.3732158284901042e-05;0.9375
66;1.268129981706117e-05;0.9375
66;1.1669707392447351e-05;0.5
66;1.058609570349802e-05;0.5
67;1.0869323339805303e-05;0.5
67;1.1156455022197746e-05;0.9375
67;1.1447332657260425e-05;0.9375
67;1.1741793120117436e-05;0.9375
67;1.203966866072162e-05;0.875
67;1.2340787318518896e-05;0.875
67;1.2644973343111627e-05;0.875
67;1.2952047618996024e-05;0.8125
67;1.387447250630061e-05;0.875
67;1.4083359703583087e-05;0.875
67;1.3048333990299641e-05;0.875
67;1.2048578024885997e-05;0.9375
67;1.1085209551122344e-05;0.9375
67;1.015923338391035e-05;0.9375
67;9.271542802792575e-06;0.5
67;8.321336075029272e-06;0.5
68;8.583398770594347e-06;0.5
68;8.849888285853257e-06;0.9375
68;9.12066425514698e-06;0.9375
68;9.39558003499652e-06;0.9375
68;9.674483102862697e-06;0.875
68;9.957215469025736e-06;0.875
68;1.024361409916617e-05;0.875
68;1.0533511345448935e-05;0.8125
68;1.138072322309135e-05;0.875
68;1.1581372282764288e-05;0.875
68;1.0659092433278378e-05;0.875
68;9.771477660307593e-06;0.9375
68;8.91953580383604e-06;0.9375
68;8.104166807973007e-06;0.9375
68;7.326164178819489e-06;0.5
68;6.49466846862984e-06;0.5
69;6.735057576650779e-06;0.5
69;6.9803129267824894e-06;0.9375
69;7.230313124802006e-06;0.9375
69;7.484929321493016e-06;0.9375
69;7.744025600108658e-06;0.875
69;8.007459381708647e-06;0.875
69;8.27508184580028e-06;0.875
69;8.546738363687899e-06;0.8125
69;9.322992906741435e-06;0.875
69;9.514013534619823e-06;0.875
69;8.691885740176412e-06;0.875
69;7.903841293301495e-06;0.9375
69;7.150790684134455e-06;0.9375
69;6.4335410432485265e-06;0.9375
69;5.75279765442742e-06;0.5
69;5.027098228532308e-06;0.5
70;5.2457631237156395e-06;0.5
70;5.469663794824972e-06;0.9375
70;5.698698449792522e-06;0.9375
70;5.9327567355452915e-06;0.9375
70;6.171720111550425e-06;0.875
70;6.415462245882679e-06;0.875
70;6.663849431045849e-06;0.875
70;6.916741016662862e-06;0.8125
70;7.626316683907104e-06;0.875
70;7.806810719177798e-06;0.875
70;7.0737814768063085e-06;0.875
70;6.3742789244865555e-06;0.9375
70;5.70912716192392e-06;0.9375
70;5.079051024345835e-06;0.9375
70;4.484677642024342e-06;0.5
70;3.853400748015942e-06;0.5
71;4.0506384125662075e-06;0.5
71;4.2534227310435834e-06;0.9375
71;4.461671671408331e-06;0.9375
71;4.675293606148408e-06;0.9375
71;4.894187670246289e-06;0.875
71;5.118244146104277e-06;0.875
71;5.347344872404412e-06;0.875
71;5.581363674075804e-06;0.8125
71;6.228493469663735e-06;0.875
71;6.397948239112054e-06;0.875
71;5.744297262421812e-06;0.875
71;5.123642644539254e-06;0.9375
71;4.536731680906407e-06;0.9375
71;3.9842161048118e-06;0.9375
71;3.4666536868109994e-06;0.5
71;2.9197630395401735e-06;0.5
72;3.096129150072784e-06;0.5
72;3.278303514866392e-06;0.9375
72;3.4662236600287837e-06;0.9375
72;3.6598165525849427e-06;0.9375
72;3.8589989418239785e-06;0.875
72;4.063677731846619e-06;0.875
72;4.273750382140584e-06;0.875
72;4.489105333098877e-06;0.8125
72;5.077925636536029e-06;0.875
72;5.2361274625937206e-06;0.875
72;4.653290750379676e-06;0.875
72;4.1029469652085574e-06;0.9375
72;3.5857749994477074e-06;0.9375
72;3.102361535464101e-06;0.9375
72;2.653202679192636e-06;0.5
72;2.1818252916294585e-06;0.5
73;2.3380629457908512e-06;0.5
73;2.5003290117520106e-06;0.9375
73;2.668580103274209e-06;0.9375
73;2.8427613805823515e-06;0.9375
73;3.022806874677127e-06;0.875
73;3.208639846806721e-06;0.875
73;3.4001731798475398e-06;0.875
73;3.597309798276729e-06;0.8125
73;4.131822908392883e-06;0.875
73;4.278787172653107e-06;0.875
73;3.7592055836025877e-06;0.875
73;3.2716404372652198e-06;0.9375
73;2.8167095995011376e-06;0.9375
73;2.394941765767017e-06;0.9375
73;2.006778123880179e-06;0.5
73;1.6030549739495586e-06;0.5
74;1.7400378625078367e-06;0.5
74;1.8832344279434641e-06;0.9375
74;2.0326197054468e-06;0.9375
74;2.1881564491336503e-06;0.9375
74;2.349795439279429e-06;0.875
74;2.517475828445131e-06;0.875
74;2.6911255230940324e-06;0.875
74;2.870661597341891e-06;0.8125
74;3.354709241961158e-06;0.875
74;3.490624031250508e-06;0.875
74;3.0276134578749317e-06;0.875
74;2.5961694392794425e-06;0.9375
74;2.196855303797816e-06;0.9375
74;1.830147969549601e-06;0.9375
74;1.4964396321281918e-06;0.5
74;1.153397378253168e-06;0.5
75;1.2720847628996933e-06;0.5
75;1.397141677622791e-06;0.9375
75;1.5285607752800458e-06;0.9375
75;1.6663216642947673e-06;0.9375
75;1.8103911990814587e-06;0.875
75;1.9607238128171303e-06;0.875
75;2.1172618891598357e-06;0.875
75;2.279936169257797e-06;0.8125
75;2.7171817326952275e-06;0.875
75;2.8423626131312383e-06;0.875
75;2.4300024703446195e-06;0.875
75;2.048784942549661e-06;0.9375
75;1.699224539182707e-06;0.9375
75;1.3817518694243009e-06;0.9375
75;1.0967153512958524e-06;0.5
75;8.081559123171216e-07;0.5
76;9.095572296137257e-07;0.5
76;1.01745910771052e-06;0.9375
76;1.1318709218955556e-06;0.9375
76;1.2527883008041771e-06;0.9375
76;1.3801934005008723e-06;0.875
76;1.5140552242128452e-06;0.875
76;1.6543299840889718e-06;0.875
76;1.8009615013296203e-06;0.8125
76;2.194879134745311e-06;0.875
76;2.3097330281696375e-06;0.875
76;1.942770293016144e-06;0.875
76;1.6065513174515644e-06;0.9375
76;1.3015468405552752e-06;0.9375
76;1.028145986864081e-06;0.9375
76;7.866579937942602e-07;0.5
76;5.470633135992686e-07;0.5
77;6.3221060758881e-07;0.5
77;7.239685172181911e-07;0.9375
77;8.223621897412739e-07;0.9375
77;9.274023814208733e-07;0.9375
77;1.039085715964509e-06;0.875
77;1.1573949916008382e-06;0.875
77;1.2822995331244811e-06;0.875
77;1.4137555850581692e-06;0.8125
77;1.7676247050774836e-06;0.875
77;1.8726211978085747e-06;0.875
77;1.5463876730541449e-06;0.875
77;1.2505231225991263e-06;0.9375
77;9.854589798548577e-07;0.9375
77;7.515471480631045e-07;0.9375
77;5.490617434770186e-07;0.5
77;3.535114829621365e-07;0.5
78;4.2343818577193947e-07;0.5
78;5.000678103396485e-07;0.9375
78;5.834402984157497e-07;0.9375
78;6.735806109759924e-07;0.9375
78;7.704989717902683e-07;0.875
78;8.741911624105208e-07;0.875
78;9.846388647774503e-07;0.875
78;1.101810047569246e-06;0.8125
78;1.4187140090481457e-06;0.875
78;1.5143627167081944e-06;0.875
78;1.2247035563652898e-06;0.875
78;9.650615420533857e-07;0.9375
78;7.358327563125666e-07;0.9375
78;5.373356550044626e-07;0.9375
78;3.698128240357462e-07;0.5
78;2.1391307682296731e-07;0.5
79;2.696379191686999e-07;0.5
79;3.321429510182461e-07;0.9375
79;4.0148192587687827e-07;0.9375
79;4.776930779147817e-07;0.9375
79;5.607993514965626e-07;0.875
79;6.508086847105018e-07;0.875
79;7.477143429624268e-07;0.875
79;8.514952986958955e-07;0.8125
79;1.1343232581555453e-06;0.875
79;1.2211561138811095e-06;0.875
79;9.643679551284698e-07;0.875
79;7.372668997283453e-07;0.9375
79;5.4021718810305e-07;0.9375
79;3.7350717474082484e-07;0.9375
79;2.3735109656880406e-07;0.5
79;1.1717252141801675e-07;0.5
80;1.5968757247173624e-07;0.5
80;2.090473212366863e-07;0.9375
80;2.6531836152873176e-07;0.9375
80;3.2855127712599233e-07;0.9375
80;3.987808581886733e-07;0.875
80;4.760263739871283e-07;0.875
80;5.602918979669462e-07;0.875
80;6.515666810999115e-07;0.8125
80;9.030178570813422e-07;0.875
80;9.815753915633271e-07;0.875
80;7.543526943387597e-07;0.875
80;5.56507645285498e-07;0.9375
80;3.883757604294643e-07;0.9375
80;2.5021826405079e-07;0.9375
80;1.4222386708882311e-07;0.5
80;5.424787867744902e-08;0.5
81;8.45098946332195e-08;0.5
81;1.216702753741361e-07;0.9375
81;1.6580750714994795e-07;0.9375
81;2.1698362010017586e-07;0.9375
81;2.752443924746051e-07;0.875
81;3.4061961326209874e-07;0.875
81;4.131233992503376e-07;0.875
81;4.92754562317723e-07;0.8125
81;7.153442545385349e-07;0.875
81;7.861651026807563e-07;0.875
81;5.855535140286869e-07;0.875
81;4.140295053928211e-07;0.9375
81;2.719026427456022e-07;0.9375
81;1.5940966232981635e-07;0.9375
81;7.67162577737734e-08;0.5
81;1.778812623839449e-08;0.5
82;3.671253584210379e-08;0.5
82;6.257975323812163e-08;0.9375
82;9.547924175652065e-08;0.9375
82;1.3548360403354514e-07;0.9375
82;1.8264877492308757e-07;0.875
82;2.3701427477634023e-07;0.875
82;2.9860351898433364e-07;0.875
82;3.674241796016729e-07;0.8125
82;5.634910363820635e-07;0.875
82;6.271040429112547e-07;0.875
82;4.504597841846066e-07;0.875
82;3.026312400595192e-07;0.9375
82;1.8390449858741082e-07;0.9375
82;9.449416088560693e-08;0.9375
82;3.4545135752704476e-08;0.5
82;1.8330207870860838e-09;0.5
83;1.0289998990505202e-08;0.5
83;2.5726368897330114e-08;0.9375
83;4.824169435179269e-08;0.9375
83;7.79183123764349e-08;0.9375
83;1.1482151568303948e-07;0.875
83;1.5899979729411637e-07;0.875
83;2.1048515313431584e-07;0.875
83;2.6929343832850323e-07;0.8125
83;4.410075661343742e-07;0.875
83;4.979259759097414e-07;0.875
83;3.428804034167071e-07;0.875
83;2.16395728421068e-07;0.9375
83;1.1873676683696557e-07;0.9375
83;5.009808271712992e-08;0.9375
83;1.0605789386732604e-08;0.5
83;1.5648821163207517e-09;0.5
84;3.7706449323345804e-10;0.5
84;6.1985172917540406e-09;0.9375
84;1.9138071215921104e-08;0.9375
84;3.928699960078321e-08;0.9375
84;6.67191913911149e-08;0.875
84;1.0149138780498382e-07;0.875
84;1.436434785091329e-07;0.875
84;1.9319885296745973e-07;0.8125
84;3.425704471888535e-07;0.875
84;3.9328775965666205e-07;0.875
84;2.57716377339833e-07;0.875
84;1.504670091846037e-07;0.9375
84;7.178516950375499e-08;0.9375
84;2.1847258448097042e-08;0.9375
84;7.623688082599288e-10;0.5
84;1.3103438730299623e-08;0.5
85;3.044912968696831e-09;0.9375
85;1.9808175081353004e-11;0.9375
85;4.145433632386618e-09;0.9375
85;1.5521243560116992e-08;0.9375
85;3.4229001390736734e-08;0.875
85;6.033300915988059e-08;0.875
85;9.38803977826046e-08;0.875
85;1.349014738365251e-07;0.8125
85;2.637897193419292e-07;0.875
85;3.087768638044072e-07;0.875
85;1.9077217460548105e-07;0.875
85;1.0086548225804784e-07;0.9375
85;3.928476192286415e-08;0.9375
85;6.189924183948677e-09;0.9375
85;1.6746268033014216e-09;0.9375
85;3.33363756095848e-08;0.5
86;1.5132655267188976e-08;0.9375
86;3.981606915860769e-09;0.9375
86;8.276672255782336e-12;0.9375
86;3.3195881704965855e-09;0.9375
86;1.4004498934856408e-08;0.875
86;3.2134223144097685e-08;0.875
86;5.77625165178717e-08;0.875
86;9.092601890211366e-08;0.8125
86;2.010480653682209e-07;0.875
86;2.40751617375562e-07;0.875
86;1.385992908516032e-07;0.875
86;6.433479353534113e-08;0.9375
86;1.8170139488894968e-08;0.9375
86;2.5024799637079947e-10;0.9375
86;1.0654759652039775e-08;0.9375
86;5.977947187004749e-08;0.5
87;3.4108214240880585e-08;0.9375
87;1.55046841647968e-08;0.9375
87;4.10096954289983e-09;0.9375
87;1.0796230416426646e-11;0.9375
87;3.3296772619546855e-09;0.875
87;1.4135129608269206e-08;0.875
87;3.248695415980207e-08;0.875
87;5.842757447438e-08;0.8125
87;1.5136743722945678e-07;0.875
87;1.8620864876670814e-07;0.875
87;9.836655936479803e-08;0.875
87;3.8215018889786665e-08;0.9375
87;5.951494708366238e-09;0.9375
87;1.7072568968815037e-09;0.9375
87;2.5549198140577244e-08;0.9375
87;9.046125292816988e-08;0.5
88;5.795352938877225e-08;0.9375
88;3.252499283493199e-08;0.9375
88;1.4314124000366646e-08;0.9375
88;3.4408276002137104e-09;0.9375
88;6.575121618105971e-12;0.875
88;4.094616158319631e-09;0.875
88;1.577025395668691e-08;0.875
88;3.508118067059924e-08;0.8125
88;1.1229845470801607e-07;0.875
88;1.426729139269199e-07;0.875
88;6.77526691705515e-08;0.875
88;2.0337673403962663e-08;0.9375
88;6.12116231414998e-10;0.9375
88;8.694821872621978e-09;0.9375
88;4.464107242693157e-08;0.9375
88;1.2382794373719948e-07;0.5
89;8.506990908246557e-08;0.9375
89;5.3399435903791e-08;0.9375
89;2.8960793748317386e-08;0.9375
89;1.1879485652398569e-08;0.9375
89;2.2623851594682916e-09;0.875
89;1.9794278851857004e-10;0.875
89;5.756457580213193e-09;0.875
89;1.899040919165365e-08;0.8125
89;8.182871373836126e-08;0.875
89;1.081064853521657e-07;0.875
89;4.4857118078818315e-08;0.9375
89;8.938828561268811e-09;0.9375
89;5.236680761800731e-10;0.9375
89;1.971909489825842e-08;0.9375
89;6.656980055242238e-08;0.9375
89;1.5866522608241424e-07;0.5
90;1.1420006458259091e-07;0.9375
90;7.682819101115791e-08;0.9375
90;4.66991030732427e-08;0.9375
90;2.3943362982435172e-08;0.9375
90;8.672729326984068e-09;0.875
90;9.803591929826522e-10;0.875
90;9.410761213197062e-10;0.875
90;8.611699357803467e-09;0.8125
90;5.830679412638226e-08;0.875
90;8.08329206150389e-08;0.875
90;2.812646586943089e-08;0.9375
90;2.5872493299488482e-09;0.9375
90;4.376207940563512e-09;0.9375
90;3.3590403957887396e-08;0.9375
90;9.026485388049996e-08;0.9375
90;1.9403389832837557e-07;0.5
91;1.4436394972313374e-07;0.9375
91;1.0179074167750322e-07;0.9375
91;6.646848090892544e-08;0.9375
91;3.8532289340910763e-08;0.9375
91;1.8098331407846e-08;0.875
91;5.264012309272349e-09;0.875
91;1.0824277014731912e-10;0.875
91;2.6917657407036277e-09;0.875
91;4.037929895500945e-08;0.875
91;5.947456646881681e-08;0.875
91;1.629328306282217e-08;0.9375
91;1.2498621017270722e-10;0.9375
91;1.1120419465510427e-08;0.9375
91;4.936712087065846e-08;0.9375
91;1.1489125429603022e-07;0.9375
91;2.2921703068675617e-07;0.5
92;1.7480602012177417e-07;0.9375
92;1.2749325016008613e-07;0.9375
92;8.743715685515237e-08;0.9375
92;5.4776960144050045e-08;0.9375
92;2.9632787146080033e-08;0.875
92;1.2105866989611928e-08;0.875
92;2.2787927443475194e-09;0.875
92;2.1584584536818624e-10;0.875
92;2.693870907216326e-08;0.875
92;4.290060139183473e-08;0.875
92;8.325631591768232e-09;0.9375
92;6.182921845199185e-10;0.9375
92;1.9919962170996176e-08;0.9375
92;6.630943952129889e-08;0.9375
92;1.3980477470578176e-07;0.9375
92;2.636766200842653e-07;0.5
93;2.0495193285576023e-07;0.9375
93;1.5332531008497198e-07;0.9375
93;1.0895897478354306e-07;0.9375
93;7.199581896112948e-08;0.9375
93;4.2559523397449315e-08;0.875
93;2.0754749471660254e-08;0.875
93;6.667398597257375e-09;0.875
93;3.64934635435015e-10;0.875
93;1.7080211212241012e-08;0.875
93;3.018399093637349e-08;0.875
93;3.3852802109590423e-09;0.9375
93;3.3170960102479096e-09;0.9375
93;3.011219919677868e-08;0.9375
93;8.384135340416845e-08;0.9375
93;1.6451516057988539e-07;0.9375
93;2.970180900289205e-07;0.5
94;2.3437304572161594e-07;0.9375
94;1.788244518941811e-07;0.9375
94;1.3053791126433402e-07;0.9375
94;8.965959562817995e-08;0.9375
94;5.631636258281611e-08;0.875
94;3.061594474634378e-08;0.875
94;1.2647207003001204e-08;0.875
94;2.4804671538532626e-09;0.875
94;1.0065970094757894e-08;0.875
94;2.0565839198320273e-08;0.875
94;7.931621645729933e-10;0.9375
94;7.621563712815071e-09;0.9375
94;4.117585913920271e-08;0.9375
94;1.0151941326511321e-07;0.9375
94;1.8865597784091532e-07;0.9375
94;3.2896126438803033e-07;0.5
95;2.6275735600054464e-07;0.9375
95;2.0364705234909097e-07;0.9375
95;1.5179896149820965e-07;0.9375
95;1.0736217432707985e-07;0.9375
95;7.04663786106169e-08;0.875
95;4.122204599220998e-08;0.875
95;1.9720687340857243e-08;0.875
95;6.0351718545324685e-09;0.875
95;5.2955741194430215e-09;0.875
95;1.3425876480502494e-08;0.875
95;8.358791755027939e-13;0.9375
95;1.3054529799813071e-08;0.9375
95;5.270443431826522e-08;0.9375
95;1.1900708802734243e-07;0.9375
95;2.1195993118001712e-07;0.9375
95;3.593166793113291e-07;0.5
96;2.8988575186979336e-07;0.9375
96;2.275445302293154e-07;0.9375
96;1.7246428417839234e-07;0.9375
96;1.2479669246657581e-07;0.9375
96;8.467395465257049e-08;0.875
96;5.2208976145784614e-08;0.875
96;2.749562195217418e-08;0.875
96;1.06090344387857e-08;0.875
96;2.2815997076308027e-09;0.875
96;8.258036726003172e-09;0.875
96;5.669199023204592e-10;0.9375
96;1.9238787148281124e-08;0.9375
96;6.43843222108659e-08;0.9375
96;1.3605375355544669e-07;0.9375
96;2.342386951457054e-07;0.9375
96;3.879662928825786e-07;0.5
97;3.1561264317394474e-07;0.9375
97;2.5034390226940293e-07;0.9375
97;1.923336866759645e-07;0.9375
97;1.4173595928590975e-07;0.9375
97;9.868513936557398e-08;0.875
97;6.329628597217716e-08;0.875
97;3.566535032537714e-08;0.875
97;1.5869492440721502e-08;0.875
97;6.294184214210945e-10;0.875
97;4.650255712786807e-09;0.875
97;2.137648202497318e-09;0.9375
97;2.587839684665291e-08;0.9375
97;7.597688652959879e-08;0.9375
97;1.52477500947676e-07;0.9375
97;2.553664649777052e-07;0.9375
97;4.148478142491981e-07;0.5
98;3.3985019892908873e-07;0.9375
98;2.719319324628663e-07;0.9375
98;2.1126868963222766e-07;0.9375
98;1.5801643928769123e-07;0.9375
98;1.1231155278737956e-07;0.875
98;7.427098608830776e-08;0.875
98;4.3992530971936265e-08;0.875
98;2.155513071804681e-08;0.875
98;2.0519792003952553e-11;0.875
98;2.2677684760739934e-09;0.875
98;4.430837248511704e-09;0.9375
98;3.274332240668887e-08;0.9375
98;8.730375538040068e-08;0.9375
98;1.6815109485382454e-07;0.9375
98;2.752665706404967e-07;0.9375
98;4.399420083946593e-07;0.5
99;3.6255555225586186e-07;0.9375
99;2.9224224002235516e-07;0.9375
99;2.2917954092368982e-07;0.9375
99;1.7352517524086611e-07;0.9375
99;1.2541722150248837e-07;0.875
99;8.497429749780855e-08;0.875
99;5.229581057647152e-08;0.875
99;2.7462272527602918e-08;0.875
99;1.9874642701132025e-10;0.875
99;8.393069515339243e-10;0.875
99;7.222676999250415e-09;0.9375
99;3.965681163650431e-08;0.9375
99;9.823479099342218e-08;0.9375
99;1.82990527445272e-07;0.9375
99;2.9390061095362267e-07;0.9375
99;4.6326244433830354e-07;0.5
100;3.837204440213117e-07;0.9375
100;3.112448408828527e-07;0.9375
100;2.460146575533614e-07;0.9375
100;1.8818913309571456e-07;0.9375
100;1.3790782927427658e-07;0.875
100;9.529081071477066e-08;0.875
100;6.043889447029297e-08;0.875
100;3.34339642691939e-08;0.875
100;9.589406817112333e-10;0.875
100;1.4570065771967568e-10;0.875
100;1.0336858199792736e-08;0.9375
100;4.648504817625154e-08;0.9375
100;1.0867826260297362e-07;0.9375
100;1.969457092829305e-07;0.9375
100;3.112596586016521e-07;0.9375
100;4.848472470095298e-07;0.5
101;4.03362868144369e-07;0.9375
101;3.2893768853571976e-07;0.9375
101;2.6175206414863787e-07;0.9375
101;2.0196654040107576e-07;0.9375
101;1.4972195773387125e-07;0.875
101;1.0513963115147155e-07;0.875
101;6.832159922642225e-08;0.875
101;3.9350937862405056e-08;0.875
101;2.137587498940903e-09;0.875
101;1.0467821960594481e-11;0.875
101;1.3635631646593552e-08;0.9375
101;5.312867662984345e-08;0.9375
101;1.1857283472353041e-07;0.9375
101;2.0999291758578126e-07;0.9375
101;3.2735716481195585e-07;0.9375
101;5.047524896925919e-07;0.5
102;4.215203576240326e-07;0.9375
102;3.453398553448412e-07;0.9375
102;2.763924714491702e-07;0.9375
102;2.1483986389967365e-07;0.9375
102;1.608239651215927e-07;0.875
102;1.1446716113234393e-07;0.875
102;7.587254014942902e-08;0.875
102;4.512420599862464e-08;0.875
102;3.6051088873009837e-09;0.875
102;2.9205461968168947e-10;0.875
102;1.7012464231671286e-08;0.9375
102;5.951587324702066e-08;0.9375
102;1.2788104990902583e-07;0.9375
102;2.2212868811124226e-07;0.9375
102;3.4222325706510455e-07;0.9375
102;5.230469274454753e-07;0.5
103;4.382446132409377e-07;0.9375
103;3.604860580189707e-07;0.9375
103;2.8995370011754816e-07;0.9375
103;2.2681013335869146e-07;0.9375
103;1.711982119155782e-07;0.875
103;1.232412291898771e-07;0.875
103;8.304316618950191e-08;0.875
103;5.068900469151192e-08;0.875
103;5.259524349991418e-09;0.875
103;8.774385578223185e-10;0.875
103;2.0386013969959112e-08;0.9375
103;6.559669055000028e-08;0.9375
103;1.3658404057316519e-07;0.9375
103;2.3336489143855443e-07;0.9375
103;3.559001767636932e-07;0.9375
103;5.39807824566159e-07;0.5
104;4.5359722916392157e-07;0.9375
104;3.744222826401591e-07;0.9375
104;3.0246620653678345e-07;0.9375
104;2.378923696179119e-07;0.9375
104;1.808443926748286e-07;0.875
104;1.3144632733716392e-07;0.875
104;8.98029043607785e-08;0.875
104;5.5999846650496576e-08;0.875
104;7.021240436973709e-09;0.875
104;1.676860499172094e-09;0.875
104;2.3695193868195338e-08;0.9375
104;7.133845111808152e-08;0.9375
104;1.4467725044614927e-07;0.9375
104;2.4372477953607655e-07;0.9375
104;3.684386481033346e-07;0.9375
104;5.551176726457768e-07;0.5
105;4.676463129009423e-07;0.9375
105;3.872023075556602e-07;0.9375
105;3.139695098532573e-07;0.9375
105;2.481119170232287e-07;0.9375
105;1.8977377522828691e-07;0.875
105;1.390797584646661e-07;0.875
105;9.613521687181962e-08;0.875
105;6.102648973448834e-08;0.875
105;8.828773149283265e-09;0.875
105;2.619490064662461e-09;0.875
105;2.6895134030460043e-08;0.9375
105;7.67220045814778e-08;0.9375
105;1.5216698436819666e-07;0.9375
105;2.532398260121759e-07;0.9375
105;3.7989500613328767e-07;0.9375
105;5.690616318261652e-07;0.5
106;4.804638327471749e-07;0.9375
106;3.9888495796609075e-07;0.9375
106;3.245093546770691e-07;0.9375
106;2.5750151536259385e-07;0.9375
106;1.980061830453355e-07;0.875
106;1.4614853040591853e-07;0.875
106;1.0203440824620724e-07;0.875
106;6.575065856143774e-08;0.875
106;1.0635240591500816e-08;0.875
106;3.649862561220581e-09;0.875
106;2.99538842008062e-08;0.9375
106;8.173869408973106e-08;0.9375
106;1.5906763673237823e-07;0.9375
106;2.6194721434722357e-07;0.9375
106;3.903289423881218e-07;0.9375
106;5.817255576911994e-07;0.5
107;4.921235555732868e-07;0.9375
107;4.0953195536542334e-07;0.9375
107;3.3413547308303055e-07;0.9375
107;2.660989753908899e-07;0.9375
107;2.0556758531691646e-07;0.875
107;1.526668617136689e-07;0.875
107;1.0750304798917581e-07;0.875
107;7.01633853370029e-08;0.875
107;1.2405491196459479e-08;0.875
107;4.724953311429634e-09;0.875
107;3.284972616164666e-08;0.9375
107;8.638790519866192e-08;0.9375
107;1.6539947506568202e-07;0.9375
107;2.698878541372485e-07;0.9375
107;3.9980175157374737e-07;0.9375
107;5.931945008570565e-07;0.5
108;5.026994621950994e-07;0.9375
108;4.192062493847079e-07;0.9375
108;3.4289983367322693e-07;0.9375
108;2.7394534595205433e-07;0.9375
108;2.1248818306745666e-07;0.9375
108;1.5865418776577668e-07;0.875
108;1.1254989776506189e-07;0.875
108;7.42628592425897e-08;0.875
108;1.4113756029315795e-08;0.875
108;5.8117782742798485e-09;0.875
108;3.5568987976205695e-08;0.9375
108;9.067509226415641e-08;0.9375
108;1.711868768956227e-07;0.9375
108;2.771048265918676e-07;0.9375
108;4.083749836557068e-07;0.9375
108;6.035515866239387e-07;0.5
109;5.122645478130035e-07;0.9375
109;4.2797073959814827e-07;0.9375
109;3.508552854044149e-07;0.9375
109;2.810834805683012e-07;0.9375
109;2.1880089933527643e-07;0.9375
109;1.6413357540558823e-07;0.875
109;1.1718825145394178e-07;0.875
109;7.805269293173856e-08;0.875
109;1.5741732897885103e-08;0.875
109;6.885428942157223e-09;0.875
109;3.810427076886787e-08;0.9375
109;9.461019573872183e-08;0.9375
109;1.7645693602846294e-07;0.9375
109;2.8364217806408077e-07;0.9375
109;4.1610942275917044e-07;0.9375
109;6.128771989527031e-07;0.9375
110;5.208899317484493e-07;0.9375
110;4.358873114950269e-07;0.9375
110;3.580545204098889e-07;0.9375
110;2.8755692775628553e-07;0.9375
110;2.2454019768704054e-07;0.9375
110;1.6913047046725288e-07;0.875
110;1.2143461253234432e-07;0.875
110;8.154053067926867e-08;0.875
110;1.7277025936164968e-08;0.875
110;7.927465342282444e-09;0.875
110;4.045301425429189e-08;0.9375
110;9.820637896514131e-08;0.9375
110;1.8123836917513948e-07;0.9375
110;2.895439949506661e-07;0.9375
110;4.230643286123769e-07;0.9375
110;6.212484067839984e-07;0.9375
111;5.286442144201353e-07;0.9375
111;4.43016124577652e-07;0.9375
111;3.645492936686644e-07;0.9375
111;2.9340908286186607e-07;0.9375
111;2.297411668638028e-07;0.9375
111;1.7367171592454217e-07;0.875
111;1.253076465021634e-07;0.875
111;8.47369359129731e-08;0.875
111;1.8711877551617968e-08;0.875
111;8.92460409999136e-09;0.875
111;4.261634006782331e-08;0.9375
111;1.0147902560855416e-07;0.9375
111;1.855606661708809e-07;0.9375
111;2.94853705225565e-07;0.9375
111;4.2929688785146674e-07;0.9375
111;6.287385822273399e-07;0.9375
112;5.355930309478261e-07;0.9375
112;4.494151017321971e-07;0.9375
112;3.703898486280797e-07;0.9375
112;2.986825504201562e-07;0.9375
112;2.3443882045826193e-07;0.9375
112;1.777847895093801e-07;0.875
112;1.2882735712739208e-07;0.875
112;8.765450680663408e-08;0.875
112;2.0042140570968724e-08;0.875
112;9.86764942804281e-09;0.875
112;4.459812261451814e-08;0.9375
112;1.0444494927512559e-07;0.9375
112;1.8945343716387075e-07;0.9375
112;2.9961356188331854e-07;0.9375
112;4.348618322198754e-07;0.9375
112;6.354171694735565e-07;0.9375
113;5.417987600728916e-07;0.9375
113;4.551395784891423e-07;0.9375
113;3.75624507173957e-07;0.9375
113;3.0341867529660723e-07;0.9375
113;2.386675697067802e-07;0.9375
113;1.814972187367933e-07;0.875
113;1.3201444430924601e-07;0.875
113;9.030717767237805e-08;0.875
113;2.1266447510256856e-08;0.875
113;1.075062392495484e-08;0.875
113;4.6404245939129065e-08;0.9375
113;1.0712177546621465e-07;0.9375
113;1.9294591852380653e-07;0.9375
113;3.038642715699048e-07;0.9375
113;4.3981118863048944e-07;0.9375
113;6.413495711177384e-07;0.9375
114;5.473203548555202e-07;0.9375
114;4.6024207838510376e-07;0.9375
114;3.802993899943272e-07;0.9375
114;3.0765720844119175e-07;0.9375
114;2.424608351253266e-07;0.9375
114;1.848361388946789e-07;0.875
114;1.3488980898307875e-07;0.875
114;9.270967135887985e-08;0.875
114;2.2385541394764372e-08;0.875
114;1.1570063556571042e-08;0.875
114;4.804201244592459e-08;0.9375
114;1.095274631094065e-07;0.9375
114;1.9606660617771797e-07;0.9375
114;3.0764473859950366e-07;0.9375
114;4.441941326326988e-07;0.9375
114;6.465971248255745e-07;0.9375
115;5.522132679010806e-07;0.9375
115;4.647721869704993e-07;0.9375
115;3.844582396872866e-07;0.9375
115;3.1143607945703527e-07;0.9375
115;2.458507688997417e-07;0.9375
115;1.8782796574054797e-07;0.875
115;1.3747417661376755e-07;0.875
115;9.487707408904237e-08;0.875
115;2.34017388021763e-08;0.875
115;1.2324447394413325e-08;0.875
115;4.9519675309266296e-08;0.9375
115;1.1167993880094856e-07;0.9375
115;1.988429907312253e-07;0.9375
115;3.109918999370048e-07;0.9375
115;4.480569221366622e-07;0.9375
115;6.512171486200206e-07;0.9375
116;5.565294490937026e-07;0.9375
116;4.687765022458657e-07;0.9375
116;3.8814232414475215e-07;0.9375
116;3.1479125324583143e-07;0.9375
116;2.488680651855607e-07;0.9375
116;1.9049815983170314e-07;0.875
116;1.3978781600868185e-07;0.875
116;9.682450924628462e-08;0.875
116;2.4318500932964228e-08;0.875
116;1.3013737818397042e-08;0.875
116;5.0846071430139554e-08;0.9375
116;1.1359682173736364e-07;0.9375
116;2.0130137351728658e-07;0.9375
116;3.139406314056418e-07;0.9375
116;4.5144289277562535e-07;0.9375
116;6.552630372166604e-07;0.9375
117;5.603173981353229e-07;0.9375
117;4.7229864355158856e-07;0.9375
117;3.913904020516111e-07;0.9375
117;3.1775665238147255e-07;0.9375
117;2.515418396651895e-07;0.9375
117;1.928710636499636e-07;0.875
117;1.4185033441039785e-07;0.875
117;9.856689086434065e-08;0.875
117;2.5140092801572753e-08;0.875
117;1.3639011147361403e-08;0.875
117;5.2030335899294166e-08;0.9375
117;1.1529522128964917e-07;0.9375
117;2.034667464934636e-07;0.9375
117;3.1652370905748663e-07;0.9375
117;4.5439249980061654e-07;0.9375
117;6.587843954560074e-07;0.9375
118;5.636222575885955e-07;0.9375
118;4.753793044190099e-07;0.9375
118;3.942387357355179e-07;0.9375
118;3.2036413023248724e-07;0.9375
118;2.538995632328034e-07;0.9375
118;1.949697961632679e-07;0.875
118;1.4368053330166118e-07;0.875
118;1.0011874108139302e-07;0.875
118;2.5871314138889208e-08;0.875
118;1.420216217720846e-08;0.875
118;5.308168235140148e-08;0.9375
118;1.1679159252451648e-07;0.9375
118;2.0536272219994e-07;0.9375
118;3.1877181276229995e-07;0.9375
118;4.5694339446603635e-07;0.9375
118;6.618271976397027e-07;0.9375
119;5.664859350938298e-07;0.9375
119;4.780563378057036e-07;0.9375
119;3.9672113960837985e-07;0.9375
119;3.22643482826949e-07;0.9375
119;2.5596703754301295e-07;0.9375
119;1.9681619236650146e-07;0.875
119;1.452963122535748e-07;0.875
119;1.0149405865963319e-07;0.875
119;2.6517288540518836e-08;0.875
119;1.4705669024062217e-08;0.875
119;5.4009236409083985e-08;0.9375
119;1.1810163764358433e-07;0.9375
119;2.0701150252962624e-07;0.9375
119;3.2071356159782724e-07;0.9375
119;4.591305252440437e-07;0.9375
119;6.644339639721609e-07;0.9375
120;5.689472456915573e-07;0.9375
120;4.803648644301843e-07;0.9375
120;3.988690546906489e-07;0.9375
120;3.2462248975502355e-07;0.9375
120;2.5776840252799945e-07;0.9375
120;1.984307776661776e-07;0.875
120;1.467146104974194e-07;0.875
120;1.027062280573966e-07;0.875
120;2.708329978436745e-08;0.875
120;1.5152407064979563e-08;0.875
120;5.482191172144024e-08;0.9375
120;1.1924024356630189e-07;0.9375
120;2.0843387724914183e-07;0.9375
120;3.223755726426447e-07;0.9375
120;4.609862561862107e-07;0.9375
120;6.666439471983159e-07;0.9375
121;5.710420671453112e-07;0.9375
121;4.82337396886346e-07;0.9375
121;4.007116416602462e-07;0.9375
121;3.263269763433436e-07;0.9375
121;2.5932616791299823e-07;0.9375
121;1.9983276898259588e-07;0.875
121;1.4795137786123342e-07;0.875
121;1.0376796050460284e-07;0.875
121;2.7574666240056853e-08;0.875
121;1.5545502782574675e-08;0.875
121;5.552832004916e-08;0.9375
121;1.2022144775136167e-07;0.9375
121;2.096492449939e-07;0.9375
121;3.237825365361092e-07;0.9375
121;4.6254049640052367e-07;0.9375
121;6.684933240179242e-07;0.9375
122;5.728035026297276e-07;0.9375
122;4.840039737190419e-07;0.9375
122;4.022758864493047e-07;0.9375
122;3.2778089092302333e-07;0.9375
122;2.606612623421056e-07;0.9375
122;2.010400959527065e-07;0.875
122;1.4902156829941761e-07;0.875
122;1.046912601247943e-07;0.875
122;2.7996645927471e-08;0.875
122;1.5888219936329037e-08;0.875
122;5.613670838625329e-08;0.9375
122;1.210584258000092e-07;0.9375
122;2.1067565085148752e-07;0.9375
122;3.249573044927165e-07;0.9375
122;4.638208358866889e-07;0.9375
122;6.700153871904921e-07;0.9375
123;5.742620465082048e-07;0.9375
123;4.853922989606109e-07;0.9375
123;4.0358671364812184e-07;0.9375
123;3.2900639227964824e-07;0.9375
123;2.6179309503117803e-07;0.9375
123;2.0206943697871293e-07;0.875
123;1.4993915056149308e-07;0.875
123;1.054874094636547e-07;0.875
123;2.8354366145562173e-08;0.875
123;1.6183871866262474e-08;0.875
123;5.665491744482406e-08;0.9375
123;1.217634956968539e-07;0.9375
123;2.1152983588512338e-07;0.9375
123;3.259209825974653e-07;0.9375
123;4.6485268408048865e-07;0.9375
123;6.712407351377201e-07;0.9375
124;5.754457498350939e-07;0.9375
124;4.86527883607692e-07;0.9375
124;4.046671040873114e-07;0.9375
124;3.3002394342310396e-07;0.9375
124;2.6273962590942476e-07;0.9375
124;2.02936265916929e-07;0.875
124;1.507171316208907e-07;0.875
124;1.0616696987751592e-07;0.875
124;2.8652772694764447e-08;0.875
124;1.643575483957933e-08;0.875
124;5.7090356861213475e-08;0.9375
124;1.2234813449256683e-07;0.9375
124;2.1222729486331254e-07;0.9375
124;3.2669303012850575e-07;0.9375
124;4.6565940825510517e-07;0.9375
124;6.721974567752939e-07;0.9375
125;5.7638038310797e-07;0.9375
125;4.87434186395291e-07;0.9375
125;4.055382136931969e-07;0.9375
125;3.3085240868109964e-07;0.9375
125;2.6351744106479786e-07;0.9375
125;2.036549060498656e-07;0.875
125;1.5136758935032213e-07;0.875
125;1.0673979311330562e-07;0.875
125;2.88965946458367e-08;0.875
125;1.664709828435168e-08;0.875
125;5.744999339992834e-08;0.9375
125;1.2282300411448013e-07;0.9375
125;2.1278233929470464e-07;0.9375
125;3.272913593845416e-07;0.9375
125;4.6626246969673415e-07;0.9375
125;6.729113098453262e-07;0.9375
126;5.770895944418966e-07;0.9375
126;4.881327518244409e-07;0.9375
126;4.0621949150092194e-07;0.9375
126;3.315091517883386e-07;0.9375
126;2.6414183104608913e-07;0.9375
126;2.0423858872231536e-07;0.875
126;1.5190171167445559e-07;0.875
126;1.0721504115537054e-07;0.875
126;2.909032136322188e-08;0.875
126;1.6821028508818787e-08;0.875
126;5.774034911178783e-08;0.9375
126;1.231979836403586e-07;0.9375
126;2.1320816345577474e-07;0.9375
126;3.277324350810281e-07;0.9375
126;4.666815560697547e-07;0.9375
126;6.734058916091487e-07;0.9375
127;5.775950617901621e-07;0.9375
127;4.886433440187778e-07;0.9375
127;4.067287951857604e-07;0.9375
127;3.320101331900541e-07;0.9375
127;2.646268700599205e-07;0.9375
127;2.0469951458455902e-07;0.875
127;1.5232983998063504e-07;0.875
127;1.076012119705462e-07;0.875
127;2.923818910126799e-08;0.875
127;1.69605431372089e-08;0.875
127;5.796750702173059e-08;0.9375
127;1.2348220593800976e-07;0.9375
127;2.135169116568792e-07;0.9375
127;3.2803137189891017e-07;0.9375
127;4.669347088457525e-07;0.9375
127;6.737028011263089e-07;0.9375
